student_id,attendance,study_hours,assignment_score,internal_score,previous_gpa,participation_score,assignments_completed,performance
STD_1000,81.0,5.7,89.0,77.5,5.99,70.3,7,Excellent
STD_1001,73.3,7.4,81.9,56.2,6.63,77.4,9,Excellent
STD_1002,82.8,1.5,68.9,51.9,5.85,54.0,5,Good
STD_1003,93.3,5.0,58.3,64.9,6.43,49.0,9,Excellent
STD_1004,72.2,2.8,78.5,62.3,4.53,40.5,6,Good
STD_1005,72.2,3.1,73.9,57.7,7.06,45.1,7,Excellent
STD_1006,94.0,2.9,81.4,76.1,6.8,100.0,6,Excellent
STD_1007,84.2,2.4,77.5,80.3,5.82,82.4,7,Excellent
STD_1008,69.4,4.1,83.7,66.4,7.59,35.7,6,Excellent
STD_1009,81.5,2.5,60.0,88.6,7.93,36.2,6,Excellent
STD_1010,69.4,4.5,87.8,46.7,4.87,68.7,10,Excellent
STD_1011,69.4,3.9,71.0,61.9,5.88,69.9,10,Excellent
STD_1012,77.9,3.6,99.1,53.5,5.88,69.9,5,Good
STD_1013,52.0,2.4,57.7,35.1,5.67,55.4,5,Good
STD_1014,54.3,3.0,94.0,63.7,7.8,57.7,8,Excellent
STD_1015,68.3,5.4,71.0,63.1,6.57,65.9,7,Excellent
STD_1016,62.8,4.9,58.2,89.2,6.48,61.5,7,Excellent
STD_1017,78.8,2.2,60.7,75.1,4.4,20.1,2,Average
STD_1018,64.1,4.2,63.2,48.6,7.56,55.9,4,Excellent
STD_1019,58.1,5.4,74.4,94.7,5.31,44.7,7,Excellent
STD_1020,92.6,1.0,75.8,84.5,6.87,63.2,3,Good
STD_1021,72.3,5.0,59.4,74.3,7.13,100.0,4,Excellent
STD_1022,75.8,2.8,67.6,61.4,8.43,66.6,10,Excellent
STD_1023,57.9,5.0,100.0,49.6,5.23,54.4,8,Excellent
STD_1024,68.5,2.6,93.9,59.0,4.0,76.6,5,Good
STD_1025,76.3,0.8,74.5,82.4,7.02,68.7,8,Excellent
STD_1026,61.2,1.1,68.6,95.2,8.96,67.6,4,Good
STD_1027,79.5,4.1,69.8,89.7,8.29,70.9,3,Excellent
STD_1028,67.8,4.5,77.2,57.2,7.05,97.0,8,Excellent
STD_1029,71.5,2.4,52.7,47.1,6.21,39.6,9,Good
STD_1030,67.8,5.1,64.1,67.3,7.77,68.5,9,Excellent
STD_1031,97.2,1.0,43.0,36.7,5.63,43.3,8,Good
STD_1032,74.8,3.9,74.0,70.2,7.37,70.0,7,Excellent
STD_1033,62.3,1.8,77.7,62.6,7.41,43.5,8,Excellent
STD_1034,84.9,2.8,60.8,57.5,8.07,52.5,10,Excellent
STD_1035,60.3,4.1,91.6,39.5,10.0,54.7,6,Excellent
STD_1036,77.5,2.5,49.6,73.2,7.27,77.6,7,Excellent
STD_1037,51.5,3.3,46.0,56.5,6.19,76.5,2,Average
STD_1038,59.1,5.8,71.4,46.3,6.77,37.6,5,Excellent
STD_1039,77.4,3.0,83.7,25.0,4.68,61.0,8,Good
STD_1040,83.9,5.5,93.3,64.6,5.97,47.2,6,Excellent
STD_1041,77.1,2.0,61.1,93.4,6.31,37.3,9,Good
STD_1042,73.6,5.0,84.2,91.6,6.17,56.1,5,Excellent
STD_1043,71.4,6.6,67.4,57.7,6.98,54.4,6,Excellent
STD_1044,57.3,0.5,65.4,55.4,5.81,100.0,8,Good
STD_1045,66.4,2.6,81.3,72.5,8.15,67.8,3,Excellent
STD_1046,69.5,5.0,77.8,49.0,6.8,35.2,9,Excellent
STD_1047,87.7,3.6,44.4,69.8,6.79,49.8,3,Excellent
STD_1048,79.1,4.7,90.1,77.3,6.41,78.4,10,Excellent
STD_1049,53.8,2.9,88.7,84.6,6.99,97.6,6,Excellent
STD_1050,78.9,4.2,58.6,63.4,7.79,31.5,8,Excellent
STD_1051,70.4,3.7,73.9,61.7,5.76,26.2,7,Excellent
STD_1052,66.9,6.1,75.4,51.0,6.01,93.7,4,Excellent
STD_1053,82.3,4.5,71.9,51.8,6.44,67.0,6,Excellent
STD_1054,87.4,4.6,59.7,61.4,5.18,44.4,10,Excellent
STD_1055,86.2,3.3,57.9,70.9,5.82,69.6,5,Good
STD_1056,64.9,3.1,67.6,79.6,6.23,20.0,6,Good
STD_1057,71.3,3.2,85.6,52.1,7.85,60.1,8,Excellent
STD_1058,79.0,4.7,76.2,88.9,7.12,65.9,6,Excellent
STD_1059,86.7,3.2,62.4,60.7,7.03,76.6,7,Excellent
STD_1060,69.2,4.5,79.6,64.7,7.82,41.7,8,Excellent
STD_1061,72.8,7.7,30.0,53.0,6.64,61.5,5,Excellent
STD_1062,61.7,5.6,85.2,26.2,7.27,43.3,7,Excellent
STD_1063,60.6,3.4,41.9,79.1,6.68,64.6,7,Excellent
STD_1064,84.8,6.2,62.6,76.8,7.12,43.9,8,Excellent
STD_1065,91.3,3.3,51.2,60.5,6.1,52.7,10,Excellent
STD_1066,74.1,0.5,48.6,66.1,4.0,42.1,9,Good
STD_1067,87.0,2.2,85.4,73.3,6.64,71.7,6,Excellent
STD_1068,79.3,0.6,61.0,40.0,8.51,75.5,6,Good
STD_1069,67.3,3.4,73.2,56.5,7.91,55.8,10,Excellent
STD_1070,79.3,4.0,67.3,77.7,7.96,60.7,8,Excellent
STD_1071,93.5,7.0,75.2,44.9,8.28,33.9,7,Excellent
STD_1072,74.6,4.6,69.2,69.7,6.91,54.6,3,Excellent
STD_1073,93.8,3.6,48.8,43.3,7.04,59.1,7,Good
STD_1074,43.6,5.5,82.9,72.5,6.06,100.0,6,Excellent
STD_1075,84.9,0.5,60.6,64.4,6.42,40.0,2,Good
STD_1076,76.0,4.4,44.7,39.2,7.54,86.4,6,Excellent
STD_1077,71.4,5.4,61.6,83.6,8.24,77.9,4,Excellent
STD_1078,76.1,1.3,90.5,53.2,6.63,65.1,7,Good
STD_1079,51.1,6.1,80.8,52.0,6.26,91.7,3,Excellent
STD_1080,72.4,4.6,62.8,68.2,6.8,66.7,4,Excellent
STD_1081,79.3,3.3,62.8,83.4,7.52,67.0,7,Excellent
STD_1082,92.7,5.1,63.2,48.7,5.07,59.0,7,Excellent
STD_1083,68.8,8.1,99.2,66.0,4.04,82.0,10,Excellent
STD_1084,65.3,4.3,73.7,71.9,6.14,79.7,10,Excellent
STD_1085,69.0,4.4,74.5,76.1,5.34,48.7,8,Excellent
STD_1086,86.0,3.2,83.5,67.8,6.19,36.3,10,Excellent
STD_1087,78.9,2.5,71.6,59.1,6.62,56.3,8,Excellent
STD_1088,68.6,5.5,64.1,51.8,6.26,45.6,10,Excellent
STD_1089,81.2,2.5,65.1,66.4,8.54,58.9,5,Excellent
STD_1090,76.2,4.1,66.9,47.8,7.19,82.3,6,Excellent
STD_1091,86.6,3.1,67.4,25.0,7.16,51.8,7,Excellent
STD_1092,66.6,4.9,78.9,72.0,7.55,59.2,9,Excellent
STD_1093,71.1,4.6,68.8,79.5,5.43,61.0,4,Excellent
STD_1094,70.3,5.9,79.0,27.2,8.05,75.3,5,Excellent
STD_1095,57.4,3.1,66.8,48.8,6.71,20.0,6,Good
STD_1096,78.6,3.5,69.2,74.9,7.6,49.1,6,Excellent
STD_1097,78.1,2.2,38.0,97.9,5.51,63.8,10,Good
STD_1098,75.1,3.2,81.7,65.3,4.94,81.6,7,Excellent
STD_1099,72.2,4.7,73.2,53.4,7.78,51.1,10,Excellent
STD_1100,58.0,5.4,83.0,62.1,7.25,26.2,7,Excellent
STD_1101,70.0,2.3,30.0,87.0,5.72,71.2,8,Good
STD_1102,70.9,5.6,99.3,54.7,5.76,48.6,7,Excellent
STD_1103,65.4,6.4,65.9,52.2,8.15,38.6,6,Excellent
STD_1104,73.1,4.7,84.6,57.3,5.37,48.8,10,Excellent
STD_1105,79.8,7.4,52.4,49.7,8.77,56.7,10,Excellent
STD_1106,97.6,2.6,77.2,67.0,5.72,49.1,6,Excellent
STD_1107,77.1,1.8,52.2,91.0,7.57,20.3,9,Excellent
STD_1108,78.1,0.8,58.6,70.2,6.41,76.1,10,Good
STD_1109,74.1,6.7,96.7,61.0,7.52,82.9,7,Excellent
STD_1110,52.0,5.2,65.1,60.3,6.15,71.7,5,Excellent
STD_1111,74.7,3.9,71.3,40.0,6.6,39.5,10,Excellent
STD_1112,75.7,4.5,81.1,79.1,6.85,56.4,8,Excellent
STD_1113,100.0,2.0,75.4,63.8,5.6,59.9,10,Excellent
STD_1114,72.7,8.4,70.3,62.1,7.69,70.8,5,Excellent
STD_1115,78.6,4.2,73.5,100.0,6.18,72.0,1,Excellent
STD_1116,74.6,4.2,100.0,69.8,6.53,46.8,5,Excellent
STD_1117,61.0,5.3,67.1,53.0,5.61,61.5,9,Excellent
STD_1118,88.7,4.9,71.0,58.2,4.0,68.2,3,Good
STD_1119,84.0,4.4,83.8,83.4,6.57,86.2,4,Excellent
STD_1120,84.5,2.6,84.6,66.8,9.7,72.7,6,Excellent
STD_1121,64.1,4.8,85.8,42.0,7.74,74.2,10,Excellent
STD_1122,91.8,7.4,77.6,79.7,6.78,61.5,2,Excellent
STD_1123,58.2,6.4,50.9,54.3,6.48,85.4,3,Excellent
STD_1124,82.0,6.9,92.5,95.0,6.83,67.4,4,Excellent
STD_1125,100.0,3.1,50.8,82.3,7.46,44.5,8,Excellent
STD_1126,63.1,2.2,72.5,57.8,5.38,85.3,5,Good
STD_1127,68.2,3.8,56.7,85.5,8.14,72.6,4,Excellent
STD_1128,76.2,4.1,67.0,66.1,7.66,52.0,8,Excellent
STD_1129,69.0,6.0,72.9,78.6,7.66,51.4,8,Excellent
STD_1130,56.4,1.0,72.8,72.8,7.33,65.3,6,Good
STD_1131,75.8,6.8,74.3,51.5,6.82,68.3,7,Excellent
STD_1132,62.3,3.7,92.2,54.7,7.61,63.6,3,Excellent
STD_1133,80.7,3.2,74.8,81.5,7.51,65.6,5,Excellent
STD_1134,64.0,2.2,64.3,59.6,6.38,90.6,8,Good
STD_1135,93.6,1.0,82.5,58.5,6.11,79.3,8,Excellent
STD_1136,65.6,5.5,85.8,49.7,6.92,63.4,7,Excellent
STD_1137,71.1,4.1,49.6,71.8,8.66,76.9,5,Excellent
STD_1138,84.8,1.7,77.0,98.0,5.31,41.4,7,Excellent
STD_1139,60.2,1.7,78.5,47.9,5.04,67.2,6,Good
STD_1140,77.7,3.4,63.5,65.4,7.0,92.6,4,Excellent
STD_1141,90.7,7.0,88.6,87.6,6.86,56.1,3,Excellent
STD_1142,55.7,3.5,65.7,63.7,7.01,44.7,6,Good
STD_1143,77.2,1.3,69.9,72.2,7.09,48.3,9,Excellent
STD_1144,78.1,3.6,65.4,48.0,6.53,40.4,8,Excellent
STD_1145,84.4,3.5,68.2,71.9,8.59,45.9,10,Excellent
STD_1146,60.2,0.5,51.6,62.0,4.88,53.3,10,Good
STD_1147,59.2,3.9,46.4,80.8,5.81,34.7,9,Excellent
STD_1148,81.3,3.6,91.9,84.0,6.68,60.3,10,Excellent
STD_1149,78.6,5.3,55.3,100.0,4.83,76.2,3,Excellent
STD_1150,78.0,7.3,53.1,74.3,6.59,43.7,6,Excellent
STD_1151,79.2,6.0,35.7,70.2,8.79,87.3,10,Excellent
STD_1152,66.8,3.5,58.4,68.1,6.83,69.2,8,Excellent
STD_1153,77.8,2.0,48.2,59.3,7.08,78.6,8,Good
STD_1154,78.5,8.6,92.6,70.4,5.29,48.2,5,Excellent
STD_1155,66.4,4.1,83.1,60.3,6.06,75.4,8,Excellent
STD_1156,97.4,4.0,57.7,67.7,6.35,40.3,10,Excellent
STD_1157,80.7,4.0,100.0,86.1,6.42,76.0,8,Excellent
STD_1158,60.7,4.4,82.7,48.9,8.34,63.1,6,Excellent
STD_1159,82.9,3.7,63.1,83.2,7.47,70.0,7,Excellent
STD_1160,63.3,3.0,30.5,86.1,5.47,38.8,5,Good
STD_1161,84.4,3.0,100.0,63.1,7.1,43.9,7,Excellent
STD_1162,88.9,3.9,47.2,31.1,7.4,70.8,4,Good
STD_1163,65.2,3.0,43.3,55.3,8.17,42.9,5,Good
STD_1164,86.6,2.7,83.3,85.8,8.7,68.3,3,Excellent
STD_1165,80.0,4.2,100.0,64.6,5.58,35.4,5,Excellent
STD_1166,84.9,3.5,88.8,49.0,5.83,75.3,6,Excellent
STD_1167,97.8,6.7,76.5,56.9,5.29,37.8,10,Excellent
STD_1168,72.1,0.5,76.9,78.4,6.52,69.9,7,Good
STD_1169,66.0,6.0,80.8,73.7,7.36,71.3,4,Excellent
STD_1170,64.3,6.2,79.4,61.2,7.98,47.5,7,Excellent
STD_1171,65.2,0.5,72.2,59.1,6.71,70.5,9,Good
STD_1172,74.1,3.4,69.6,58.7,6.42,64.7,9,Excellent
STD_1173,79.1,3.3,67.1,50.2,6.98,50.3,5,Excellent
STD_1174,78.3,1.5,56.7,90.8,5.8,41.8,4,Good
STD_1175,84.9,2.6,63.8,59.8,9.31,24.7,5,Excellent
STD_1176,75.2,2.0,42.6,84.5,4.87,66.3,10,Good
STD_1177,92.4,7.2,66.5,89.3,7.02,31.8,8,Excellent
STD_1178,71.8,5.7,53.2,81.0,9.23,61.7,10,Excellent
STD_1179,100.0,6.3,51.4,58.1,6.81,55.3,7,Excellent
STD_1180,82.5,5.3,70.7,71.5,6.57,72.2,5,Excellent
STD_1181,64.7,2.0,88.9,64.6,6.37,54.6,9,Excellent
STD_1182,62.1,3.1,81.8,50.5,6.58,54.1,8,Excellent
STD_1183,80.8,4.9,44.4,70.2,8.45,73.2,10,Excellent
STD_1184,72.3,1.8,53.2,46.1,4.15,66.0,7,Good
STD_1185,83.6,5.3,82.1,84.0,8.64,65.7,7,Excellent
STD_1186,80.7,3.6,53.3,57.6,5.09,68.4,7,Good
STD_1187,74.1,3.3,64.6,68.2,6.48,32.4,8,Excellent
STD_1188,64.8,5.3,76.3,69.5,6.28,73.6,4,Excellent
STD_1189,56.8,4.8,53.5,60.9,7.51,71.0,5,Good
STD_1190,69.6,3.4,69.6,74.4,4.88,41.7,6,Good
STD_1191,85.3,6.1,48.0,57.4,7.35,55.6,10,Excellent
STD_1192,77.6,2.1,59.0,78.9,9.23,59.3,6,Excellent
STD_1193,60.1,5.1,72.8,43.5,5.16,57.6,4,Good
STD_1194,77.1,5.1,44.1,67.0,7.03,66.0,8,Excellent
STD_1195,79.6,3.4,74.6,96.0,6.01,85.8,6,Excellent
STD_1196,64.4,4.6,67.7,49.0,7.31,79.5,9,Excellent
STD_1197,76.8,1.7,76.3,54.2,6.82,36.4,10,Good
STD_1198,75.7,5.7,71.4,73.2,6.03,71.2,9,Excellent
STD_1199,61.3,3.7,88.5,67.9,7.39,83.9,3,Excellent
STD_1200,79.3,3.1,69.9,70.6,8.97,67.0,10,Excellent
STD_1201,81.7,5.9,61.6,72.8,6.57,79.6,7,Excellent
STD_1202,88.0,2.7,69.8,75.2,7.66,96.2,9,Excellent
STD_1203,87.6,1.5,76.1,82.8,5.25,78.4,5,Excellent
STD_1204,58.5,1.2,68.7,71.6,5.65,64.5,9,Good
STD_1205,63.7,5.1,68.6,61.1,7.37,78.8,6,Excellent
STD_1206,81.2,1.7,57.5,75.8,8.58,62.6,5,Excellent
STD_1207,81.2,7.2,58.1,95.4,7.23,60.4,6,Excellent
STD_1208,81.2,0.5,47.0,62.9,6.42,53.7,6,Good
STD_1209,100.0,7.1,94.2,49.4,6.8,88.1,7,Excellent
STD_1210,81.9,4.4,49.3,82.7,5.3,45.3,9,Excellent
STD_1211,88.6,3.8,57.6,63.1,7.53,87.6,10,Excellent
STD_1212,86.4,3.0,57.2,30.2,7.86,69.0,9,Good
STD_1213,82.8,4.7,81.4,78.6,6.26,34.8,7,Excellent
STD_1214,71.2,3.9,63.6,56.4,6.24,66.6,5,Excellent
STD_1215,84.1,6.0,86.7,63.6,7.12,22.2,10,Excellent
STD_1216,65.7,4.2,57.9,70.3,6.28,71.3,4,Good
STD_1217,72.2,4.3,72.2,68.0,6.72,75.9,6,Excellent
STD_1218,69.2,3.3,55.5,76.4,9.32,49.3,5,Good
STD_1219,76.0,3.9,100.0,58.0,6.5,62.2,6,Excellent
STD_1220,100.0,4.6,50.2,73.2,6.37,95.2,8,Excellent
STD_1221,52.6,0.9,72.6,60.8,6.02,50.9,8,Average
STD_1222,83.2,1.6,77.5,76.8,7.69,40.9,10,Excellent
STD_1223,55.6,5.3,74.2,74.8,6.58,86.7,8,Excellent
STD_1224,69.3,4.3,65.2,50.0,6.02,95.3,8,Excellent
STD_1225,88.1,3.7,66.1,82.4,8.39,60.1,7,Excellent
STD_1226,75.8,4.0,68.7,56.4,8.5,78.2,7,Excellent
STD_1227,62.1,4.6,65.8,77.9,6.08,84.1,9,Excellent
STD_1228,66.4,3.0,82.5,70.9,4.56,46.6,8,Excellent
STD_1229,83.2,2.6,100.0,94.4,8.01,51.3,5,Excellent
STD_1230,66.2,4.4,59.6,61.4,5.98,82.2,3,Good
STD_1231,77.6,2.2,47.5,59.4,7.75,90.3,6,Good
STD_1232,75.5,4.7,66.7,64.7,4.44,70.1,8,Excellent
STD_1233,67.2,0.9,100.0,60.1,7.87,44.2,10,Excellent
STD_1234,100.0,5.9,55.9,77.8,5.35,95.8,7,Excellent
STD_1235,82.6,4.9,92.6,39.1,7.68,50.4,7,Excellent
STD_1236,50.7,4.5,93.2,48.1,6.82,54.0,7,Excellent
STD_1237,77.2,5.8,59.7,47.9,5.66,66.2,9,Excellent
STD_1238,67.1,7.0,76.5,80.2,6.31,88.0,8,Excellent
STD_1239,85.2,5.8,92.4,92.4,7.62,75.4,7,Excellent
STD_1240,65.5,0.7,62.3,63.3,6.93,67.5,4,Good
STD_1241,73.6,1.7,64.9,62.3,7.5,68.3,4,Good
STD_1242,81.1,2.9,59.3,66.1,9.17,60.8,9,Excellent
STD_1243,85.4,4.0,52.8,83.6,4.92,70.0,10,Excellent
STD_1244,60.6,4.9,58.3,50.2,8.74,20.0,10,Excellent
STD_1245,71.0,2.7,49.6,68.8,6.93,54.7,6,Good
STD_1246,69.3,4.3,68.5,80.6,5.72,64.3,4,Excellent
STD_1247,67.2,2.6,56.5,73.0,5.2,39.3,6,Good
STD_1248,96.2,2.9,71.5,68.0,6.57,67.0,10,Excellent
STD_1249,79.9,1.5,44.7,81.0,7.91,56.3,7,Excellent
STD_1250,59.9,2.3,73.0,25.0,6.65,91.6,8,Good
STD_1251,86.0,1.6,80.5,75.8,8.61,88.3,2,Good
STD_1252,100.0,2.2,38.1,54.5,5.06,51.6,10,Excellent
STD_1253,87.4,5.9,73.6,35.7,6.79,57.3,10,Excellent
STD_1254,56.8,2.3,86.4,73.2,5.3,58.7,2,Good
STD_1255,69.2,8.7,49.9,87.0,7.24,51.9,6,Excellent
STD_1256,90.2,4.9,93.1,62.8,7.86,63.5,6,Excellent
STD_1257,66.5,4.3,74.3,80.2,6.3,46.4,4,Excellent
STD_1258,80.3,2.5,57.4,90.8,4.0,39.6,8,Good
STD_1259,84.3,5.3,67.2,86.0,7.04,71.2,9,Excellent
STD_1260,63.9,3.0,76.4,91.2,7.32,71.3,10,Excellent
STD_1261,74.3,4.2,69.1,76.9,7.29,45.5,8,Excellent
STD_1262,40.0,8.6,76.1,66.2,8.28,76.1,6,Excellent
STD_1263,62.7,3.8,54.2,39.4,5.51,48.6,9,Good
STD_1264,72.0,6.1,70.5,61.1,7.62,64.6,8,Excellent
STD_1265,60.0,2.7,46.8,51.5,8.23,74.8,8,Good
STD_1266,94.6,3.9,66.3,99.7,4.67,59.4,4,Excellent
STD_1267,57.8,7.2,54.4,62.2,7.18,68.2,4,Excellent
STD_1268,69.7,2.9,57.0,67.0,6.19,50.7,6,Excellent
STD_1269,76.6,7.3,86.5,73.8,6.7,56.5,10,Excellent
STD_1270,92.3,5.3,84.4,65.7,7.22,56.3,9,Excellent
STD_1271,57.8,3.0,77.1,92.1,6.22,46.6,5,Excellent
STD_1272,89.0,5.1,51.6,55.0,5.99,56.8,4,Excellent
STD_1273,75.1,5.8,63.3,68.1,6.84,32.1,5,Excellent
STD_1274,63.2,5.1,86.2,53.1,5.5,51.2,9,Excellent
STD_1275,80.5,1.2,70.1,43.9,5.5,54.9,9,Good
STD_1276,77.4,2.7,100.0,55.2,7.62,55.4,7,Excellent
STD_1277,67.8,3.6,73.9,64.4,5.42,55.7,4,Good
STD_1278,75.8,3.9,70.9,58.1,7.6,58.9,7,Excellent
STD_1279,70.4,5.1,63.4,53.9,7.36,68.6,7,Excellent
STD_1280,76.4,4.3,70.0,42.5,4.73,75.7,10,Good
STD_1281,82.9,1.6,65.7,63.7,5.99,48.3,10,Excellent
STD_1282,94.0,4.7,78.6,40.9,8.23,38.3,5,Excellent
STD_1283,60.1,5.1,82.4,77.2,5.62,41.2,5,Excellent
STD_1284,100.0,5.0,56.2,66.3,6.24,51.2,7,Excellent
STD_1285,51.6,5.9,48.0,41.7,7.35,53.7,6,Good
STD_1286,73.2,5.5,40.5,60.1,7.74,46.1,7,Excellent
STD_1287,82.1,4.8,75.6,53.0,6.5,36.7,4,Excellent
STD_1288,78.4,3.9,51.4,70.1,6.08,51.8,10,Excellent
STD_1289,67.5,1.0,35.7,86.4,8.51,63.3,2,Good
STD_1290,72.5,4.8,73.8,35.0,8.89,70.7,9,Excellent
STD_1291,69.1,4.4,100.0,66.8,7.97,50.0,2,Excellent
STD_1292,67.9,4.5,67.9,62.4,6.9,52.6,9,Excellent
STD_1293,85.2,1.7,80.6,75.7,5.83,43.3,7,Good
STD_1294,79.3,2.1,69.2,68.4,5.8,59.4,4,Good
STD_1295,66.7,5.9,66.5,53.0,7.43,44.7,6,Good
STD_1296,85.8,3.9,81.8,59.9,7.3,70.3,4,Excellent
STD_1297,78.7,5.2,63.6,52.3,8.48,27.9,6,Excellent
STD_1298,84.8,4.1,72.0,82.2,7.58,53.5,5,Excellent
STD_1299,82.6,4.1,72.8,65.3,5.0,65.4,4,Excellent
STD_1300,65.1,5.7,58.0,95.4,8.06,63.3,9,Excellent
STD_1301,68.3,3.1,82.9,64.0,5.6,100.0,7,Excellent
STD_1302,84.0,4.2,65.4,53.7,6.34,66.3,4,Excellent
STD_1303,82.3,3.2,56.7,40.8,7.1,41.9,7,Excellent
STD_1304,74.7,3.2,76.0,36.1,9.19,58.3,6,Good
STD_1305,76.4,3.4,54.5,39.7,10.0,28.0,10,Excellent
STD_1306,90.3,4.4,68.4,69.3,7.53,58.5,8,Excellent
STD_1307,67.9,3.1,67.9,73.1,6.58,45.0,3,Excellent
STD_1308,81.6,6.3,84.3,39.7,7.44,76.5,7,Excellent
STD_1309,72.6,2.4,75.1,79.3,7.87,50.1,9,Excellent
STD_1310,72.4,3.7,67.6,57.3,6.42,57.9,10,Excellent
STD_1311,88.2,3.2,80.3,67.3,8.95,48.6,9,Excellent
STD_1312,84.9,6.6,88.9,90.8,7.08,91.3,8,Excellent
STD_1313,84.8,4.4,76.4,79.3,7.4,54.2,10,Excellent
STD_1314,90.7,5.9,68.2,60.7,7.6,93.0,7,Excellent
STD_1315,75.3,1.3,48.3,50.7,7.31,74.7,6,Good
STD_1316,83.2,4.5,52.0,30.6,7.81,68.7,3,Good
STD_1317,71.3,5.6,63.4,53.5,6.06,66.6,6,Excellent
STD_1318,78.9,4.1,58.9,61.6,6.13,67.1,6,Good
STD_1319,73.4,5.9,65.2,49.2,5.48,25.3,5,Good
STD_1320,76.2,3.1,68.8,62.9,7.33,55.0,9,Excellent
STD_1321,82.1,6.5,75.9,66.2,7.73,75.2,8,Excellent
STD_1322,65.2,8.1,66.9,61.4,7.35,59.1,10,Excellent
STD_1323,100.0,3.3,75.3,54.6,8.81,34.7,7,Excellent
STD_1324,62.9,3.2,69.0,67.7,6.79,59.1,10,Excellent
STD_1325,60.4,6.6,38.4,72.1,7.6,90.7,7,Excellent
STD_1326,88.9,6.8,53.9,47.6,5.49,82.4,10,Excellent
STD_1327,84.5,3.1,65.8,87.6,6.34,58.9,5,Excellent
STD_1328,82.5,3.2,49.9,63.4,7.63,77.1,10,Excellent
STD_1329,82.5,3.5,77.0,65.3,7.82,53.4,4,Excellent
STD_1330,74.9,1.6,91.0,76.3,6.45,29.3,9,Excellent
STD_1331,64.2,2.3,86.3,68.7,6.71,43.4,5,Good
STD_1332,75.9,2.2,64.8,80.3,4.98,88.1,7,Excellent
STD_1333,66.9,2.6,90.4,69.6,6.37,55.1,10,Excellent
STD_1334,86.7,3.9,70.2,55.2,7.87,55.6,4,Excellent
STD_1335,73.2,4.4,62.9,70.8,7.49,54.6,8,Excellent
STD_1336,65.1,6.8,58.8,46.7,7.4,94.3,4,Excellent
STD_1337,71.1,2.2,63.5,66.7,6.86,89.3,4,Good
STD_1338,80.0,5.8,62.2,64.5,6.81,99.9,9,Excellent
STD_1339,68.2,3.6,70.6,61.7,6.01,57.1,7,Excellent
STD_1340,65.1,3.9,70.4,62.9,7.64,65.3,4,Excellent
STD_1341,77.9,5.2,68.0,34.9,7.31,32.7,7,Excellent
STD_1342,77.9,2.0,74.6,56.2,7.39,86.6,9,Excellent
STD_1343,68.9,4.7,85.9,66.5,6.17,39.0,5,Excellent
STD_1344,69.3,4.3,82.2,67.6,4.22,63.9,5,Excellent
STD_1345,77.8,4.9,45.7,48.6,8.12,40.2,5,Good
STD_1346,57.6,4.5,30.0,85.3,6.23,49.4,8,Excellent
STD_1347,58.1,8.4,82.0,51.1,5.76,44.9,6,Excellent
STD_1348,66.4,2.9,47.5,80.5,7.63,49.1,8,Excellent
STD_1349,72.4,3.0,64.6,71.8,6.33,50.3,8,Excellent
STD_1350,78.7,2.9,50.4,54.7,8.07,50.1,8,Excellent
STD_1351,92.7,3.0,41.0,93.4,7.54,75.0,7,Excellent
STD_1352,85.3,2.9,76.1,45.9,7.62,40.1,6,Excellent
STD_1353,73.1,6.1,79.4,79.7,5.16,64.0,10,Excellent
STD_1354,74.8,6.6,59.4,81.0,8.25,81.9,10,Excellent
STD_1355,63.0,3.0,30.0,54.3,7.11,50.8,10,Good
STD_1356,74.8,2.5,59.8,87.3,6.36,47.1,5,Excellent
STD_1357,71.5,4.8,73.9,61.0,6.97,55.9,9,Excellent
STD_1358,78.9,3.0,45.8,69.6,4.67,81.2,4,Good
STD_1359,65.1,5.1,70.8,69.2,7.29,63.5,10,Excellent
STD_1360,81.2,4.4,67.8,62.9,5.56,50.4,5,Excellent
STD_1361,93.4,1.3,76.7,78.0,5.18,68.7,10,Excellent
STD_1362,73.7,6.8,69.8,77.7,4.97,40.2,10,Excellent
STD_1363,79.8,7.2,53.4,37.0,8.14,72.3,5,Excellent
STD_1364,83.3,2.9,85.9,85.9,6.04,67.4,5,Excellent
STD_1365,70.2,3.3,65.6,38.4,8.64,54.5,9,Excellent
STD_1366,77.7,4.5,67.6,81.5,6.16,44.9,8,Excellent
STD_1367,75.2,4.6,54.0,83.0,4.75,44.0,6,Good
STD_1368,76.2,5.2,61.4,47.5,5.46,69.6,1,Excellent
STD_1369,65.7,7.6,54.7,58.4,8.28,82.1,7,Excellent
STD_1370,75.3,3.7,65.4,47.3,6.61,48.5,9,Excellent
STD_1371,81.0,2.6,93.7,61.6,6.14,68.3,6,Excellent
STD_1372,92.4,1.5,47.4,60.1,6.99,22.4,10,Good
STD_1373,86.5,2.7,43.8,77.5,7.4,49.5,6,Excellent
STD_1374,100.0,3.9,90.1,86.0,8.14,59.4,7,Excellent
STD_1375,65.8,7.2,64.9,87.3,8.54,43.6,3,Excellent
STD_1376,85.5,3.1,58.0,56.0,6.37,43.1,10,Excellent
STD_1377,77.2,4.4,83.6,61.7,5.21,48.0,6,Excellent
STD_1378,100.0,4.0,58.9,38.1,6.3,65.3,9,Excellent
STD_1379,65.3,6.1,95.4,52.1,7.11,56.6,4,Excellent
STD_1380,64.9,8.5,78.2,80.4,5.64,20.0,7,Excellent
STD_1381,67.8,3.0,60.7,90.8,5.65,21.8,8,Excellent
STD_1382,49.5,3.1,100.0,45.3,7.21,49.1,7,Good
STD_1383,68.7,5.9,58.9,55.5,6.74,68.2,7,Excellent
STD_1384,65.9,5.2,79.1,64.6,6.84,20.0,8,Excellent
STD_1385,76.8,7.3,72.5,69.5,5.89,51.0,8,Excellent
STD_1386,79.1,5.1,87.5,52.0,6.52,50.5,4,Excellent
STD_1387,97.5,3.4,91.4,71.8,5.69,85.0,6,Excellent
STD_1388,86.4,5.1,68.5,57.4,7.87,53.1,5,Excellent
STD_1389,68.1,6.0,56.7,64.8,8.04,66.9,6,Excellent
STD_1390,64.2,5.5,74.9,73.7,4.58,62.5,7,Excellent
STD_1391,80.9,4.9,57.8,65.1,5.68,21.6,5,Excellent
STD_1392,59.2,5.9,98.2,58.0,5.0,73.8,9,Excellent
STD_1393,97.0,6.1,70.0,63.2,6.02,63.9,5,Excellent
STD_1394,89.2,6.5,62.5,63.6,6.7,69.1,4,Excellent
STD_1395,69.4,5.2,70.8,59.1,5.06,100.0,10,Excellent
STD_1396,54.4,3.7,47.8,60.9,5.69,22.5,5,Good
STD_1397,91.2,4.3,53.4,90.6,5.6,91.0,6,Excellent
STD_1398,73.6,6.2,86.0,74.0,7.05,54.8,7,Excellent
STD_1399,89.9,2.5,58.1,60.3,6.88,65.2,8,Excellent
STD_1400,55.9,4.7,52.3,76.2,5.93,59.2,6,Good
STD_1401,67.8,3.3,76.0,59.7,7.01,52.4,1,Good
STD_1402,75.1,4.1,85.8,83.8,6.14,49.7,5,Excellent
STD_1403,75.6,6.3,78.8,70.9,6.47,65.9,9,Excellent
STD_1404,69.6,4.3,82.9,63.3,8.81,32.7,5,Excellent
STD_1405,82.5,4.1,56.6,72.2,8.41,73.5,10,Excellent
STD_1406,62.2,1.6,46.7,39.9,5.24,52.5,6,Average
STD_1407,73.3,5.3,90.5,47.0,7.8,39.7,9,Excellent
STD_1408,76.4,5.2,63.2,45.9,7.77,51.9,8,Excellent
STD_1409,81.2,7.9,64.2,67.3,5.42,82.6,6,Excellent
STD_1410,83.5,3.4,87.9,92.7,7.78,50.4,9,Excellent
STD_1411,61.5,4.4,76.3,100.0,8.65,66.5,5,Excellent
STD_1412,56.6,4.4,74.8,75.2,5.45,46.8,7,Excellent
STD_1413,90.3,6.8,100.0,73.0,5.7,73.6,3,Excellent
STD_1414,79.0,3.8,58.3,36.2,8.02,72.3,4,Excellent
STD_1415,66.0,4.5,81.9,56.3,7.13,93.3,10,Excellent
STD_1416,93.6,5.1,68.9,52.4,7.46,56.8,8,Excellent
STD_1417,76.4,4.3,72.0,55.1,7.21,72.0,7,Excellent
STD_1418,89.2,3.2,90.9,62.3,7.27,61.8,8,Excellent
STD_1419,75.8,4.3,75.6,57.4,5.21,83.3,10,Excellent
STD_1420,99.7,5.9,76.1,33.3,8.06,47.1,10,Excellent
STD_1421,96.1,2.2,84.1,77.0,8.2,73.4,8,Excellent
STD_1422,72.0,4.2,62.5,47.8,6.52,56.5,9,Excellent
STD_1423,86.7,2.7,55.4,68.8,6.75,58.8,10,Excellent
STD_1424,82.7,6.2,52.3,98.2,4.96,61.7,7,Excellent
STD_1425,91.4,1.3,38.5,50.3,7.42,64.5,7,Excellent
STD_1426,63.4,3.0,98.8,25.0,7.49,57.9,10,Excellent
STD_1427,83.2,4.7,51.5,60.4,6.73,63.9,7,Excellent
STD_1428,87.7,6.8,64.7,82.6,8.15,88.4,7,Excellent
STD_1429,53.9,3.9,63.8,96.3,6.4,77.7,6,Excellent
STD_1430,60.8,3.0,72.6,45.3,7.48,75.6,10,Excellent
STD_1431,50.5,7.4,80.2,72.9,5.58,51.8,4,Excellent
STD_1432,71.8,1.4,80.9,57.6,6.77,44.0,1,Good
STD_1433,83.6,0.5,59.3,63.3,6.59,77.2,5,Good
STD_1434,93.0,4.8,65.5,100.0,7.07,75.8,6,Excellent
STD_1435,75.9,3.1,72.2,41.0,6.36,86.5,5,Good
STD_1436,94.5,2.2,64.3,69.1,6.64,49.1,8,Excellent
STD_1437,58.4,5.3,92.1,72.5,7.79,55.9,5,Excellent
STD_1438,54.6,4.4,75.4,82.4,6.28,30.5,6,Excellent
STD_1439,74.3,3.0,79.0,66.6,4.87,52.9,7,Excellent
STD_1440,79.6,1.7,77.9,69.9,8.9,77.9,4,Excellent
STD_1441,74.6,5.6,85.6,58.7,8.46,51.6,7,Excellent
STD_1442,50.2,5.2,70.7,69.3,5.25,71.5,8,Excellent
STD_1443,73.9,3.8,48.5,59.5,7.63,56.6,6,Good
STD_1444,59.3,7.3,74.0,74.9,6.2,65.8,9,Excellent
STD_1445,83.0,2.1,58.2,59.1,7.12,39.3,10,Excellent
STD_1446,79.4,1.3,60.1,71.0,7.15,61.5,8,Good
STD_1447,63.7,2.8,76.8,64.5,6.52,20.0,5,Good
STD_1448,68.8,3.9,86.6,83.0,5.86,56.6,6,Excellent
STD_1449,62.3,4.4,68.3,64.2,5.97,30.7,5,Excellent
STD_1450,74.2,3.6,72.6,36.6,5.7,81.7,6,Excellent
STD_1451,86.5,4.6,93.5,85.2,5.8,74.0,6,Excellent
STD_1452,63.2,1.7,71.6,50.5,6.72,68.4,9,Good
STD_1453,81.0,6.6,100.0,54.5,5.94,87.4,4,Excellent
STD_1454,68.6,3.9,76.5,55.5,7.62,42.9,6,Excellent
STD_1455,65.5,6.0,41.6,87.0,8.58,91.5,6,Excellent
STD_1456,73.7,4.6,79.3,30.8,6.1,76.8,6,Excellent
STD_1457,62.6,4.8,73.7,100.0,7.09,55.7,7,Excellent
STD_1458,68.4,5.0,87.3,81.9,7.4,80.4,9,Excellent
STD_1459,60.6,4.8,78.1,68.6,7.37,40.1,10,Excellent
STD_1460,98.6,5.2,65.9,64.1,6.89,45.2,6,Excellent
STD_1461,75.4,6.4,49.6,69.6,7.69,49.0,8,Excellent
STD_1462,66.6,4.4,64.9,73.3,7.38,50.5,8,Excellent
STD_1463,77.6,5.3,55.2,75.3,5.31,41.0,6,Excellent
STD_1464,73.7,3.8,59.3,73.9,7.84,82.0,9,Excellent
STD_1465,72.3,6.6,76.8,66.4,7.86,55.3,6,Excellent
STD_1466,82.4,2.8,93.0,61.8,5.88,66.3,9,Excellent
STD_1467,84.1,7.2,73.9,62.6,6.85,49.7,5,Excellent
STD_1468,68.6,3.9,50.1,61.9,7.62,27.2,5,Good
STD_1469,68.1,1.4,74.7,83.1,6.55,64.9,5,Good
STD_1470,71.7,4.2,85.9,74.5,8.09,25.6,10,Excellent
STD_1471,47.4,2.8,58.9,25.0,9.64,58.8,7,Good
STD_1472,56.8,5.5,66.0,75.5,5.86,35.4,5,Excellent
STD_1473,91.4,2.8,68.2,68.1,5.14,95.8,2,Excellent
STD_1474,94.7,3.2,56.2,64.7,7.16,76.4,5,Excellent
STD_1475,72.0,0.6,77.7,58.8,7.67,61.9,6,Excellent
STD_1476,81.9,3.2,66.2,83.0,6.52,82.7,7,Excellent
STD_1477,78.7,0.5,74.3,80.2,8.54,44.8,8,Excellent
STD_1478,100.0,1.1,54.7,52.6,5.19,69.8,6,Good
STD_1479,88.4,5.4,61.4,71.5,7.63,63.6,8,Excellent
STD_1480,73.5,5.4,78.8,49.5,6.07,64.8,10,Excellent
STD_1481,63.5,4.8,62.4,42.9,8.86,82.9,3,Excellent
STD_1482,55.7,2.3,93.9,55.0,9.19,73.2,7,Excellent
STD_1483,77.4,3.9,62.0,78.8,5.88,65.2,4,Excellent
STD_1484,65.9,4.0,71.4,80.3,6.14,30.2,10,Excellent
STD_1485,57.9,1.9,82.0,73.2,7.83,42.7,10,Excellent
STD_1486,67.2,6.7,46.7,76.6,6.34,57.8,6,Excellent
STD_1487,62.0,5.6,41.6,73.3,6.75,61.7,7,Excellent
STD_1488,95.2,3.6,45.1,54.7,6.83,39.7,10,Excellent
STD_1489,85.6,4.0,86.9,71.9,4.5,100.0,2,Good
STD_1490,74.9,4.4,59.7,77.8,6.78,87.3,6,Excellent
STD_1491,92.8,0.5,100.0,77.1,5.97,70.8,8,Excellent
STD_1492,75.9,3.6,59.5,84.0,6.21,61.3,8,Excellent
STD_1493,64.7,2.8,70.8,76.3,8.53,56.2,1,Excellent
STD_1494,93.3,2.2,91.1,70.6,5.29,42.9,6,Good
STD_1495,81.5,3.5,98.1,82.1,7.78,61.4,7,Excellent
STD_1496,62.6,7.2,98.9,64.6,6.47,64.6,6,Excellent
STD_1497,72.7,5.2,86.1,50.9,6.46,37.6,7,Excellent
STD_1498,64.5,3.0,83.4,62.4,7.75,66.0,8,Excellent
STD_1499,58.4,5.0,76.9,53.1,7.21,57.2,3,Excellent
